filename,classname,classid,xmin,ymin,xmax,ymax
144503924.jpg,Adidas,1,38,12,234,142
2451569770.jpg,Adidas,1,242,208,413,331
390321909.jpg,Adidas,1,13,5,89,60
4761260517.jpg,Adidas,1,43,122,358,354
4763210295.jpg,Adidas,1,83,63,130,93
4763210295.jpg,Adidas,1,91,288,125,306
4763210295.jpg,Adidas,1,182,63,229,94
4763210295.jpg,Adidas,1,192,291,225,306
4763210295.jpg,Adidas,1,285,61,317,79
4763210295.jpg,Adidas,1,285,298,324,329
4763210295.jpg,Adidas,1,377,292,421,324
4763210295.jpg,Adidas,1,383,55,416,76
1230939811.jpg,Adidas,2,129,326,257,423
1230939811.jpg,Adidas,2,137,336,243,395
2550056374.jpg,Adidas,2,18,2,488,278
3294282629.jpg,Adidas,2,126,252,207,311
3294282629.jpg,Adidas,2,127,324,206,381
3294282629.jpg,Adidas,2,129,109,206,162
3294282629.jpg,Adidas,2,132,176,206,234
3294282629.jpg,Adidas,2,212,111,287,165
3294282629.jpg,Adidas,2,213,180,288,236
3294282629.jpg,Adidas,2,213,253,290,312
3294282629.jpg,Adidas,2,213,327,287,382
3294282629.jpg,Adidas,2,294,109,373,167
3294282629.jpg,Adidas,2,294,327,372,383
3294282629.jpg,Adidas,2,295,252,372,311
3294282629.jpg,Adidas,2,296,179,370,234
4061203382.jpg,Adidas,2,155,206,241,252
4499338915.jpg,Adidas,2,72,20,392,210
144503924.jpg,Adidas,2,38,12,234,142
2451569770.jpg,Adidas,2,242,208,413,331
390321909.jpg,Adidas,2,13,5,89,60
4761260517.jpg,Adidas,2,43,122,358,354
4763210295.jpg,Adidas,2,83,63,130,93
4763210295.jpg,Adidas,2,91,288,125,306
4763210295.jpg,Adidas,2,182,63,229,94
4763210295.jpg,Adidas,2,192,291,225,306
4763210295.jpg,Adidas,2,285,61,317,79
4763210295.jpg,Adidas,2,285,298,324,329
4763210295.jpg,Adidas,2,377,292,421,324
4763210295.jpg,Adidas,2,383,55,416,76
2534155497.jpg,Adidas,3,59,1,479,253
3007885565.jpg,Adidas,3,221,20,476,262
4336482746.jpg,Adidas,3,16,194,246,351
451265524.jpg,Adidas,3,195,179,244,215
791925651.jpg,Adidas,3,1,3,96,74
1230939811.jpg,Adidas,3,129,326,257,423
1230939811.jpg,Adidas,3,137,336,243,395
2550056374.jpg,Adidas,3,18,2,488,278
3294282629.jpg,Adidas,3,126,252,207,311
3294282629.jpg,Adidas,3,127,324,206,381
3294282629.jpg,Adidas,3,129,109,206,162
3294282629.jpg,Adidas,3,132,176,206,234
3294282629.jpg,Adidas,3,212,111,287,165
3294282629.jpg,Adidas,3,213,180,288,236
3294282629.jpg,Adidas,3,213,253,290,312
3294282629.jpg,Adidas,3,213,327,287,382
3294282629.jpg,Adidas,3,294,109,373,167
3294282629.jpg,Adidas,3,294,327,372,383
3294282629.jpg,Adidas,3,295,252,372,311
3294282629.jpg,Adidas,3,296,179,370,234
4061203382.jpg,Adidas,3,155,206,241,252
4499338915.jpg,Adidas,3,72,20,392,210
144503924.jpg,Adidas,3,38,12,234,142
2451569770.jpg,Adidas,3,242,208,413,331
390321909.jpg,Adidas,3,13,5,89,60
4761260517.jpg,Adidas,3,43,122,358,354
4763210295.jpg,Adidas,3,83,63,130,93
4763210295.jpg,Adidas,3,91,288,125,306
4763210295.jpg,Adidas,3,182,63,229,94
4763210295.jpg,Adidas,3,192,291,225,306
4763210295.jpg,Adidas,3,285,61,317,79
4763210295.jpg,Adidas,3,285,298,324,329
4763210295.jpg,Adidas,3,377,292,421,324
4763210295.jpg,Adidas,3,383,55,416,76
2403699729.jpg,Adidas,4,27,5,342,244
3005794070.jpg,Adidas,4,233,9,474,242
4061203190.jpg,Adidas,4,181,48,260,103
4605631045.jpg,Adidas,4,347,126,446,197
4763207899.jpg,Adidas,4,40,9,98,45
4763207899.jpg,Adidas,4,44,286,84,307
4763207899.jpg,Adidas,4,161,11,217,48
4763207899.jpg,Adidas,4,169,290,211,312
4763207899.jpg,Adidas,4,285,303,337,338
4763207899.jpg,Adidas,4,287,4,327,30
4763207899.jpg,Adidas,4,396,298,451,337
4763207899.jpg,Adidas,4,405,5,446,31
2534155497.jpg,Adidas,4,59,1,479,253
3007885565.jpg,Adidas,4,221,20,476,262
4336482746.jpg,Adidas,4,16,194,246,351
451265524.jpg,Adidas,4,195,179,244,215
791925651.jpg,Adidas,4,1,3,96,74
1230939811.jpg,Adidas,4,129,326,257,423
1230939811.jpg,Adidas,4,137,336,243,395
2550056374.jpg,Adidas,4,18,2,488,278
3294282629.jpg,Adidas,4,126,252,207,311
3294282629.jpg,Adidas,4,127,324,206,381
3294282629.jpg,Adidas,4,129,109,206,162
3294282629.jpg,Adidas,4,132,176,206,234
3294282629.jpg,Adidas,4,212,111,287,165
3294282629.jpg,Adidas,4,213,180,288,236
3294282629.jpg,Adidas,4,213,253,290,312
3294282629.jpg,Adidas,4,213,327,287,382
3294282629.jpg,Adidas,4,294,109,373,167
3294282629.jpg,Adidas,4,294,327,372,383
3294282629.jpg,Adidas,4,295,252,372,311
3294282629.jpg,Adidas,4,296,179,370,234
4061203382.jpg,Adidas,4,155,206,241,252
4499338915.jpg,Adidas,4,72,20,392,210
144503924.jpg,Adidas,4,38,12,234,142
2451569770.jpg,Adidas,4,242,208,413,331
390321909.jpg,Adidas,4,13,5,89,60
4761260517.jpg,Adidas,4,43,122,358,354
4763210295.jpg,Adidas,4,83,63,130,93
4763210295.jpg,Adidas,4,91,288,125,306
4763210295.jpg,Adidas,4,182,63,229,94
4763210295.jpg,Adidas,4,192,291,225,306
4763210295.jpg,Adidas,4,285,61,317,79
4763210295.jpg,Adidas,4,285,298,324,329
4763210295.jpg,Adidas,4,377,292,421,324
4763210295.jpg,Adidas,4,383,55,416,76
145074777.jpg,Adidas,5,22,52,471,326
3732387125.jpg,Adidas,5,415,87,430,105
4763209871.jpg,Adidas,5,88,66,139,95
4763209871.jpg,Adidas,5,105,275,132,293
4763209871.jpg,Adidas,5,185,67,230,95
4763209871.jpg,Adidas,5,197,278,227,295
4763209871.jpg,Adidas,5,276,288,322,315
4763209871.jpg,Adidas,5,285,62,315,80
4763209871.jpg,Adidas,5,365,284,406,312
4763209871.jpg,Adidas,5,373,61,410,80
4763847308.jpg,Adidas,5,35,3,97,45
4763847308.jpg,Adidas,5,49,286,90,309
4763847308.jpg,Adidas,5,158,7,219,46
4763847308.jpg,Adidas,5,169,287,213,316
4763847308.jpg,Adidas,5,282,296,339,337
4763847308.jpg,Adidas,5,286,5,324,31
4763847308.jpg,Adidas,5,393,295,450,335
4763847308.jpg,Adidas,5,407,2,446,34
7787186.jpg,Adidas,5,67,16,440,275
2403699729.jpg,Adidas,5,27,5,342,244
3005794070.jpg,Adidas,5,233,9,474,242
4061203190.jpg,Adidas,5,181,48,260,103
4605631045.jpg,Adidas,5,347,126,446,197
4763207899.jpg,Adidas,5,40,9,98,45
4763207899.jpg,Adidas,5,44,286,84,307
4763207899.jpg,Adidas,5,161,11,217,48
4763207899.jpg,Adidas,5,169,290,211,312
4763207899.jpg,Adidas,5,285,303,337,338
4763207899.jpg,Adidas,5,287,4,327,30
4763207899.jpg,Adidas,5,396,298,451,337
4763207899.jpg,Adidas,5,405,5,446,31
2534155497.jpg,Adidas,5,59,1,479,253
3007885565.jpg,Adidas,5,221,20,476,262
4336482746.jpg,Adidas,5,16,194,246,351
451265524.jpg,Adidas,5,195,179,244,215
791925651.jpg,Adidas,5,1,3,96,74
1230939811.jpg,Adidas,5,129,326,257,423
1230939811.jpg,Adidas,5,137,336,243,395
2550056374.jpg,Adidas,5,18,2,488,278
3294282629.jpg,Adidas,5,126,252,207,311
3294282629.jpg,Adidas,5,127,324,206,381
3294282629.jpg,Adidas,5,129,109,206,162
3294282629.jpg,Adidas,5,132,176,206,234
3294282629.jpg,Adidas,5,212,111,287,165
3294282629.jpg,Adidas,5,213,180,288,236
3294282629.jpg,Adidas,5,213,253,290,312
3294282629.jpg,Adidas,5,213,327,287,382
3294282629.jpg,Adidas,5,294,109,373,167
3294282629.jpg,Adidas,5,294,327,372,383
3294282629.jpg,Adidas,5,295,252,372,311
3294282629.jpg,Adidas,5,296,179,370,234
4061203382.jpg,Adidas,5,155,206,241,252
4499338915.jpg,Adidas,5,72,20,392,210
144503924.jpg,Adidas,5,38,12,234,142
2451569770.jpg,Adidas,5,242,208,413,331
390321909.jpg,Adidas,5,13,5,89,60
4761260517.jpg,Adidas,5,43,122,358,354
4763210295.jpg,Adidas,5,83,63,130,93
4763210295.jpg,Adidas,5,91,288,125,306
4763210295.jpg,Adidas,5,182,63,229,94
4763210295.jpg,Adidas,5,192,291,225,306
4763210295.jpg,Adidas,5,285,61,317,79
4763210295.jpg,Adidas,5,285,298,324,329
4763210295.jpg,Adidas,5,377,292,421,324
4763210295.jpg,Adidas,5,383,55,416,76
2450743885.jpg,Adidas,6,49,13,305,191
2553832700.jpg,Adidas,6,4,5,499,352
3308750600.jpg,Adidas,6,10,153,159,266
3541292073.jpg,Adidas,6,217,92,271,136
4061675184.jpg,Adidas,6,274,132,326,186
145074777.jpg,Adidas,6,22,52,471,326
3732387125.jpg,Adidas,6,415,87,430,105
4763209871.jpg,Adidas,6,88,66,139,95
4763209871.jpg,Adidas,6,105,275,132,293
4763209871.jpg,Adidas,6,185,67,230,95
4763209871.jpg,Adidas,6,197,278,227,295
4763209871.jpg,Adidas,6,276,288,322,315
4763209871.jpg,Adidas,6,285,62,315,80
4763209871.jpg,Adidas,6,365,284,406,312
4763209871.jpg,Adidas,6,373,61,410,80
4763847308.jpg,Adidas,6,35,3,97,45
4763847308.jpg,Adidas,6,49,286,90,309
4763847308.jpg,Adidas,6,158,7,219,46
4763847308.jpg,Adidas,6,169,287,213,316
4763847308.jpg,Adidas,6,282,296,339,337
4763847308.jpg,Adidas,6,286,5,324,31
4763847308.jpg,Adidas,6,393,295,450,335
4763847308.jpg,Adidas,6,407,2,446,34
7787186.jpg,Adidas,6,67,16,440,275
2403699729.jpg,Adidas,6,27,5,342,244
3005794070.jpg,Adidas,6,233,9,474,242
4061203190.jpg,Adidas,6,181,48,260,103
4605631045.jpg,Adidas,6,347,126,446,197
4763207899.jpg,Adidas,6,40,9,98,45
4763207899.jpg,Adidas,6,44,286,84,307
4763207899.jpg,Adidas,6,161,11,217,48
132888485.jpg,Cocacola,1,4,1,494,496
3289829246.jpg,Cocacola,1,1,1,128,43
391805226.jpg,Cocacola,1,94,159,174,275
4448830339.jpg,Cocacola,1,209,6,238,19
4512438754.jpg,Cocacola,1,151,109,279,158
1354674694.jpg,Cocacola,2,11,16,110,76
18945268.jpg,Cocacola,2,1,246,72,282
18945268.jpg,Cocacola,2,3,83,75,121
18945268.jpg,Cocacola,2,3,164,70,201
18945268.jpg,Cocacola,2,3,326,63,362
18945268.jpg,Cocacola,2,75,326,150,351
18945268.jpg,Cocacola,2,77,158,157,199
18945268.jpg,Cocacola,2,79,3,157,39
18945268.jpg,Cocacola,2,79,238,157,278
18945268.jpg,Cocacola,2,82,80,160,118
18945268.jpg,Cocacola,2,165,320,245,351
18945268.jpg,Cocacola,2,166,75,248,116
18945268.jpg,Cocacola,2,167,177,245,223
18945268.jpg,Cocacola,2,167,237,248,277
18945268.jpg,Cocacola,2,173,6,246,33
18945268.jpg,Cocacola,2,205,399,256,422
18945268.jpg,Cocacola,2,252,232,332,272
18945268.jpg,Cocacola,2,253,317,328,348
18945268.jpg,Cocacola,2,254,71,331,118
18945268.jpg,Cocacola,2,254,175,329,219
18945268.jpg,Cocacola,2,256,3,330,34
18945268.jpg,Cocacola,2,269,390,339,422
18945268.jpg,Cocacola,2,336,73,413,112
18945268.jpg,Cocacola,2,336,149,411,190
18945268.jpg,Cocacola,2,338,234,415,265
18945268.jpg,Cocacola,2,341,312,418,340
18945268.jpg,Cocacola,2,357,389,391,423
18945268.jpg,Cocacola,2,419,145,494,187
18945268.jpg,Cocacola,2,419,226,495,261
18945268.jpg,Cocacola,2,423,64,496,113
18945268.jpg,Cocacola,2,428,301,496,340
233507685.jpg,Cocacola,2,36,119,309,243
2435021305.jpg,Cocacola,2,30,112,352,270
332913436.jpg,Cocacola,2,84,194,174,236
132888485.jpg,Cocacola,2,4,1,494,496
3289829246.jpg,Cocacola,2,1,1,128,43
391805226.jpg,Cocacola,2,94,159,174,275
4448830339.jpg,Cocacola,2,209,6,238,19
4512438754.jpg,Cocacola,2,151,109,279,158
2435838064.jpg,Cocacola,3,6,6,320,345
2962045.jpg,Cocacola,3,207,57,385,210
4023480867.jpg,Cocacola,3,19,232,345,405
4162347545.jpg,Cocacola,3,57,180,302,263
4427242482.jpg,Cocacola,3,6,84,305,206
1354674694.jpg,Cocacola,3,11,16,110,76
18945268.jpg,Cocacola,3,1,246,72,282
18945268.jpg,Cocacola,3,3,83,75,121
18945268.jpg,Cocacola,3,3,164,70,201
18945268.jpg,Cocacola,3,3,326,63,362
18945268.jpg,Cocacola,3,75,326,150,351
18945268.jpg,Cocacola,3,77,158,157,199
18945268.jpg,Cocacola,3,79,3,157,39
18945268.jpg,Cocacola,3,79,238,157,278
18945268.jpg,Cocacola,3,82,80,160,118
18945268.jpg,Cocacola,3,165,320,245,351
18945268.jpg,Cocacola,3,166,75,248,116
18945268.jpg,Cocacola,3,167,177,245,223
18945268.jpg,Cocacola,3,167,237,248,277
18945268.jpg,Cocacola,3,173,6,246,33
18945268.jpg,Cocacola,3,205,399,256,422
18945268.jpg,Cocacola,3,252,232,332,272
18945268.jpg,Cocacola,3,253,317,328,348
18945268.jpg,Cocacola,3,254,71,331,118
18945268.jpg,Cocacola,3,254,175,329,219
18945268.jpg,Cocacola,3,256,3,330,34
18945268.jpg,Cocacola,3,269,390,339,422
18945268.jpg,Cocacola,3,336,73,413,112
18945268.jpg,Cocacola,3,336,149,411,190
18945268.jpg,Cocacola,3,338,234,415,265
18945268.jpg,Cocacola,3,341,312,418,340
18945268.jpg,Cocacola,3,357,389,391,423
18945268.jpg,Cocacola,3,419,145,494,187
18945268.jpg,Cocacola,3,419,226,495,261
18945268.jpg,Cocacola,3,423,64,496,113
18945268.jpg,Cocacola,3,428,301,496,340
233507685.jpg,Cocacola,3,36,119,309,243
2435021305.jpg,Cocacola,3,30,112,352,270
332913436.jpg,Cocacola,3,84,194,174,236
132888485.jpg,Cocacola,3,4,1,494,496
3289829246.jpg,Cocacola,3,1,1,128,43
391805226.jpg,Cocacola,3,94,159,174,275
4448830339.jpg,Cocacola,3,209,6,238,19
4512438754.jpg,Cocacola,3,151,109,279,158
194328418.jpg,Cocacola,4,90,3,181,45
246526320.jpg,Cocacola,4,220,121,255,157
2476100758.jpg,Cocacola,4,48,130,253,222
4200918689.jpg,Cocacola,4,2,3,492,159
542894584.jpg,Cocacola,4,125,307,171,335
542894584.jpg,Cocacola,4,126,190,172,217
542894584.jpg,Cocacola,4,128,133,178,159
542894584.jpg,Cocacola,4,128,249,171,275
542894584.jpg,Cocacola,4,231,248,278,278
542894584.jpg,Cocacola,4,232,131,280,160
542894584.jpg,Cocacola,4,235,193,282,217
2435838064.jpg,Cocacola,4,6,6,320,345
2962045.jpg,Cocacola,4,207,57,385,210
4023480867.jpg,Cocacola,4,19,232,345,405
4162347545.jpg,Cocacola,4,57,180,302,263
4427242482.jpg,Cocacola,4,6,84,305,206
1354674694.jpg,Cocacola,4,11,16,110,76
18945268.jpg,Cocacola,4,1,246,72,282
18945268.jpg,Cocacola,4,3,83,75,121
18945268.jpg,Cocacola,4,3,164,70,201
18945268.jpg,Cocacola,4,3,326,63,362
18945268.jpg,Cocacola,4,75,326,150,351
18945268.jpg,Cocacola,4,77,158,157,199
18945268.jpg,Cocacola,4,79,3,157,39
18945268.jpg,Cocacola,4,79,238,157,278
18945268.jpg,Cocacola,4,82,80,160,118
18945268.jpg,Cocacola,4,165,320,245,351
18945268.jpg,Cocacola,4,166,75,248,116
18945268.jpg,Cocacola,4,167,177,245,223
18945268.jpg,Cocacola,4,167,237,248,277
18945268.jpg,Cocacola,4,173,6,246,33
18945268.jpg,Cocacola,4,205,399,256,422
18945268.jpg,Cocacola,4,252,232,332,272
18945268.jpg,Cocacola,4,253,317,328,348
18945268.jpg,Cocacola,4,254,71,331,118
18945268.jpg,Cocacola,4,254,175,329,219
18945268.jpg,Cocacola,4,256,3,330,34
18945268.jpg,Cocacola,4,269,390,339,422
18945268.jpg,Cocacola,4,336,73,413,112
18945268.jpg,Cocacola,4,336,149,411,190
18945268.jpg,Cocacola,4,338,234,415,265
18945268.jpg,Cocacola,4,341,312,418,340
18945268.jpg,Cocacola,4,357,389,391,423
18945268.jpg,Cocacola,4,419,145,494,187
18945268.jpg,Cocacola,4,419,226,495,261
18945268.jpg,Cocacola,4,423,64,496,113
18945268.jpg,Cocacola,4,428,301,496,340
233507685.jpg,Cocacola,4,36,119,309,243
2435021305.jpg,Cocacola,4,30,112,352,270
332913436.jpg,Cocacola,4,84,194,174,236
132888485.jpg,Cocacola,4,4,1,494,496
3289829246.jpg,Cocacola,4,1,1,128,43
391805226.jpg,Cocacola,4,94,159,174,275
4448830339.jpg,Cocacola,4,209,6,238,19
4512438754.jpg,Cocacola,4,151,109,279,158
1485104539.jpg,Cocacola,5,207,66,441,189
2940596257.jpg,Cocacola,5,66,99,425,291
3759339764.jpg,Cocacola,5,128,11,187,36
3759339764.jpg,Cocacola,5,129,467,190,493
3953073564.jpg,Cocacola,5,2,4,302,103
3953073564.jpg,Cocacola,5,173,131,497,231
474572183.jpg,Cocacola,5,447,149,494,185
194328418.jpg,Cocacola,5,90,3,181,45
246526320.jpg,Cocacola,5,220,121,255,157
2476100758.jpg,Cocacola,5,48,130,253,222
4200918689.jpg,Cocacola,5,2,3,492,159
542894584.jpg,Cocacola,5,125,307,171,335
542894584.jpg,Cocacola,5,126,190,172,217
542894584.jpg,Cocacola,5,128,133,178,159
542894584.jpg,Cocacola,5,128,249,171,275
542894584.jpg,Cocacola,5,231,248,278,278
542894584.jpg,Cocacola,5,232,131,280,160
542894584.jpg,Cocacola,5,235,193,282,217
2435838064.jpg,Cocacola,5,6,6,320,345
2962045.jpg,Cocacola,5,207,57,385,210
4023480867.jpg,Cocacola,5,19,232,345,405
4162347545.jpg,Cocacola,5,57,180,302,263
4427242482.jpg,Cocacola,5,6,84,305,206
1354674694.jpg,Cocacola,5,11,16,110,76
18945268.jpg,Cocacola,5,1,246,72,282
18945268.jpg,Cocacola,5,3,83,75,121
18945268.jpg,Cocacola,5,3,164,70,201
18945268.jpg,Cocacola,5,3,326,63,362
18945268.jpg,Cocacola,5,75,326,150,351
18945268.jpg,Cocacola,5,77,158,157,199
18945268.jpg,Cocacola,5,79,3,157,39
18945268.jpg,Cocacola,5,79,238,157,278
18945268.jpg,Cocacola,5,82,80,160,118
18945268.jpg,Cocacola,5,165,320,245,351
18945268.jpg,Cocacola,5,166,75,248,116
18945268.jpg,Cocacola,5,167,177,245,223
18945268.jpg,Cocacola,5,167,237,248,277
18945268.jpg,Cocacola,5,173,6,246,33
18945268.jpg,Cocacola,5,205,399,256,422
18945268.jpg,Cocacola,5,252,232,332,272
18945268.jpg,Cocacola,5,253,317,328,348
18945268.jpg,Cocacola,5,254,71,331,118
18945268.jpg,Cocacola,5,254,175,329,219
18945268.jpg,Cocacola,5,256,3,330,34
18945268.jpg,Cocacola,5,269,390,339,422
18945268.jpg,Cocacola,5,336,73,413,112
18945268.jpg,Cocacola,5,336,149,411,190
18945268.jpg,Cocacola,5,338,234,415,265
18945268.jpg,Cocacola,5,341,312,418,340
18945268.jpg,Cocacola,5,357,389,391,423
18945268.jpg,Cocacola,5,419,145,494,187
18945268.jpg,Cocacola,5,419,226,495,261
18945268.jpg,Cocacola,5,423,64,496,113
18945268.jpg,Cocacola,5,428,301,496,340
233507685.jpg,Cocacola,5,36,119,309,243
2435021305.jpg,Cocacola,5,30,112,352,270
332913436.jpg,Cocacola,5,84,194,174,236
132888485.jpg,Cocacola,5,4,1,494,496
3289829246.jpg,Cocacola,5,1,1,128,43
391805226.jpg,Cocacola,5,94,159,174,275
4448830339.jpg,Cocacola,5,209,6,238,19
4512438754.jpg,Cocacola,5,151,109,279,158
128500912.jpg,Cocacola,6,110,118,317,212
128500912.jpg,Cocacola,6,318,175,423,234
3171215617.jpg,Cocacola,6,94,5,323,275
3171215617.jpg,Cocacola,6,329,2,466,275
386268634.jpg,Cocacola,6,117,227,165,255
386268634.jpg,Cocacola,6,117,285,165,313
386268634.jpg,Cocacola,6,118,170,165,196
386268634.jpg,Cocacola,6,118,345,165,368
386268634.jpg,Cocacola,6,223,289,272,313
386268634.jpg,Cocacola,6,225,227,270,253
386268634.jpg,Cocacola,6,226,173,271,197
4451970390.jpg,Cocacola,6,14,77,491,294
87630579.jpg,Cocacola,6,12,267,172,352
1485104539.jpg,Cocacola,6,207,66,441,189
2940596257.jpg,Cocacola,6,66,99,425,291
3759339764.jpg,Cocacola,6,128,11,187,36
3759339764.jpg,Cocacola,6,129,467,190,493
3953073564.jpg,Cocacola,6,2,4,302,103
3953073564.jpg,Cocacola,6,173,131,497,231
474572183.jpg,Cocacola,6,447,149,494,185
194328418.jpg,Cocacola,6,90,3,181,45
246526320.jpg,Cocacola,6,220,121,255,157
2476100758.jpg,Cocacola,6,48,130,253,222
4200918689.jpg,Cocacola,6,2,3,492,159
542894584.jpg,Cocacola,6,125,307,171,335
542894584.jpg,Cocacola,6,126,190,172,217
542894584.jpg,Cocacola,6,128,133,178,159
542894584.jpg,Cocacola,6,128,249,171,275
542894584.jpg,Cocacola,6,231,248,278,278
542894584.jpg,Cocacola,6,232,131,280,160
542894584.jpg,Cocacola,6,235,193,282,217
2435838064.jpg,Cocacola,6,6,6,320,345
2962045.jpg,Cocacola,6,207,57,385,210
3051999324.jpg,Heineken,1,246,127,321,226
3051999324.jpg,Heineken,1,254,20,337,124
3051999324.jpg,Heineken,1,321,125,409,231
3051999324.jpg,Heineken,1,339,14,411,121
3520033212.jpg,Heineken,1,20,17,316,143
3785668123.jpg,Heineken,1,321,293,460,430
3831371619.jpg,Heineken,1,92,124,176,232
3831371619.jpg,Heineken,1,238,123,324,229
3831371619.jpg,Heineken,1,321,124,405,241
3960429630.jpg,Heineken,1,249,134,305,217
3960429630.jpg,Heineken,1,305,126,376,212
170557401.jpg,Heineken,2,2,150,494,228
170557401.jpg,Heineken,2,119,294,171,312
170557401.jpg,Heineken,2,242,301,293,317
3147491623.jpg,Heineken,2,133,56,382,227
3244264597.jpg,Heineken,2,83,51,417,311
3786492252.jpg,Heineken,2,5,5,88,113
4261671591.jpg,Heineken,2,264,26,341,102
3051999324.jpg,Heineken,2,246,127,321,226
3051999324.jpg,Heineken,2,254,20,337,124
3051999324.jpg,Heineken,2,321,125,409,231
3051999324.jpg,Heineken,2,339,14,411,121
3520033212.jpg,Heineken,2,20,17,316,143
3785668123.jpg,Heineken,2,321,293,460,430
3831371619.jpg,Heineken,2,92,124,176,232
3831371619.jpg,Heineken,2,238,123,324,229
3831371619.jpg,Heineken,2,321,124,405,241
3960429630.jpg,Heineken,2,249,134,305,217
3960429630.jpg,Heineken,2,305,126,376,212
2169121853.jpg,Heineken,3,4,6,145,102
4373836086.jpg,Heineken,3,120,151,234,261
4458514217.jpg,Heineken,3,82,32,259,288
4553341804.jpg,Heineken,3,348,67,383,86
4553341804.jpg,Heineken,3,423,63,457,86
4623943974.jpg,Heineken,3,151,5,385,96
170557401.jpg,Heineken,3,2,150,494,228
170557401.jpg,Heineken,3,119,294,171,312
170557401.jpg,Heineken,3,242,301,293,317
3147491623.jpg,Heineken,3,133,56,382,227
3244264597.jpg,Heineken,3,83,51,417,311
3786492252.jpg,Heineken,3,5,5,88,113
4261671591.jpg,Heineken,3,264,26,341,102
3051999324.jpg,Heineken,3,246,127,321,226
3051999324.jpg,Heineken,3,254,20,337,124
3051999324.jpg,Heineken,3,321,125,409,231
3051999324.jpg,Heineken,3,339,14,411,121
3520033212.jpg,Heineken,3,20,17,316,143
3785668123.jpg,Heineken,3,321,293,460,430
3831371619.jpg,Heineken,3,92,124,176,232
3831371619.jpg,Heineken,3,238,123,324,229
3831371619.jpg,Heineken,3,321,124,405,241
3960429630.jpg,Heineken,3,249,134,305,217
3960429630.jpg,Heineken,3,305,126,376,212
3800082210.jpg,Heineken,4,1,4,406,451
3890972492.jpg,Heineken,4,358,198,477,263
4169127109.jpg,Heineken,4,13,48,160,173
4169127109.jpg,Heineken,4,41,168,127,226
447227594.jpg,Heineken,4,113,194,201,262
786529071.jpg,Heineken,4,395,94,427,144
2169121853.jpg,Heineken,4,4,6,145,102
4373836086.jpg,Heineken,4,120,151,234,261
4458514217.jpg,Heineken,4,82,32,259,288
4553341804.jpg,Heineken,4,348,67,383,86
4553341804.jpg,Heineken,4,423,63,457,86
4623943974.jpg,Heineken,4,151,5,385,96
170557401.jpg,Heineken,4,2,150,494,228
170557401.jpg,Heineken,4,119,294,171,312
170557401.jpg,Heineken,4,242,301,293,317
3147491623.jpg,Heineken,4,133,56,382,227
3244264597.jpg,Heineken,4,83,51,417,311
3786492252.jpg,Heineken,4,5,5,88,113
4261671591.jpg,Heineken,4,264,26,341,102
3051999324.jpg,Heineken,4,246,127,321,226
3051999324.jpg,Heineken,4,254,20,337,124
3051999324.jpg,Heineken,4,321,125,409,231
3051999324.jpg,Heineken,4,339,14,411,121
3520033212.jpg,Heineken,4,20,17,316,143
3785668123.jpg,Heineken,4,321,293,460,430
3831371619.jpg,Heineken,4,92,124,176,232
3831371619.jpg,Heineken,4,238,123,324,229
3831371619.jpg,Heineken,4,321,124,405,241
3960429630.jpg,Heineken,4,249,134,305,217
3960429630.jpg,Heineken,4,305,126,376,212
3190556167.jpg,Heineken,5,41,38,352,264
3510604107.jpg,Heineken,5,17,17,488,489
3860951501.jpg,Heineken,5,210,194,295,250
4405304896.jpg,Heineken,5,246,171,348,302
4405304896.jpg,Heineken,5,361,161,464,292
4602079969.jpg,Heineken,5,23,30,338,417
3800082210.jpg,Heineken,5,1,4,406,451
3890972492.jpg,Heineken,5,358,198,477,263
4169127109.jpg,Heineken,5,13,48,160,173
4169127109.jpg,Heineken,5,41,168,127,226
447227594.jpg,Heineken,5,113,194,201,262
786529071.jpg,Heineken,5,395,94,427,144
2169121853.jpg,Heineken,5,4,6,145,102
4373836086.jpg,Heineken,5,120,151,234,261
4458514217.jpg,Heineken,5,82,32,259,288
4553341804.jpg,Heineken,5,348,67,383,86
4553341804.jpg,Heineken,5,423,63,457,86
4623943974.jpg,Heineken,5,151,5,385,96
170557401.jpg,Heineken,5,2,150,494,228
170557401.jpg,Heineken,5,119,294,171,312
170557401.jpg,Heineken,5,242,301,293,317
3147491623.jpg,Heineken,5,133,56,382,227
3244264597.jpg,Heineken,5,83,51,417,311
3786492252.jpg,Heineken,5,5,5,88,113
4261671591.jpg,Heineken,5,264,26,341,102
3051999324.jpg,Heineken,5,246,127,321,226
3051999324.jpg,Heineken,5,254,20,337,124
3051999324.jpg,Heineken,5,321,125,409,231
3051999324.jpg,Heineken,5,339,14,411,121
3520033212.jpg,Heineken,5,20,17,316,143
3785668123.jpg,Heineken,5,321,293,460,430
3831371619.jpg,Heineken,5,92,124,176,232
3831371619.jpg,Heineken,5,238,123,324,229
3831371619.jpg,Heineken,5,321,124,405,241
3960429630.jpg,Heineken,5,249,134,305,217
3960429630.jpg,Heineken,5,305,126,376,212
1251769192.jpg,Heineken,6,207,228,411,311
18526789.jpg,Heineken,6,12,26,352,264
3786440680.jpg,Heineken,6,211,353,320,465
3969698402.jpg,Heineken,6,104,56,375,221
3969698402.jpg,Heineken,6,108,4,373,323
4013254976.jpg,Heineken,6,2,8,98,87
3190556167.jpg,Heineken,6,41,38,352,264
3510604107.jpg,Heineken,6,17,17,488,489
3860951501.jpg,Heineken,6,210,194,295,250
4405304896.jpg,Heineken,6,246,171,348,302
4405304896.jpg,Heineken,6,361,161,464,292
4602079969.jpg,Heineken,6,23,30,338,417
3800082210.jpg,Heineken,6,1,4,406,451
3890972492.jpg,Heineken,6,358,198,477,263
4169127109.jpg,Heineken,6,13,48,160,173
4169127109.jpg,Heineken,6,41,168,127,226
447227594.jpg,Heineken,6,113,194,201,262
2531530868.jpg,Nike,1,37,139,360,285
2855164257.jpg,Nike,1,5,142,386,303
2891341625.jpg,Nike,1,39,71,355,210
4316555119.jpg,Nike,1,125,98,437,206
605288903.jpg,Nike,1,395,103,457,138
229746392.jpg,Nike,2,19,166,146,226
229746392.jpg,Nike,2,22,17,299,132
229746392.jpg,Nike,2,177,163,302,228
3168295809.jpg,Nike,2,97,72,321,201
3948869874.jpg,Nike,2,185,200,300,254
4416492947.jpg,Nike,2,21,38,145,106
4416492947.jpg,Nike,2,163,41,292,106
4416492947.jpg,Nike,2,316,41,441,106
513620863.jpg,Nike,2,60,204,199,295
513620863.jpg,Nike,2,77,192,120,216
2531530868.jpg,Nike,2,37,139,360,285
2855164257.jpg,Nike,2,5,142,386,303
2891341625.jpg,Nike,2,39,71,355,210
4316555119.jpg,Nike,2,125,98,437,206
605288903.jpg,Nike,2,395,103,457,138
2427198460.jpg,Nike,3,21,134,102,228
2427198460.jpg,Nike,3,223,110,293,178
2427198460.jpg,Nike,3,351,44,482,184
2609822722.jpg,Nike,3,330,207,402,262
3361771335.jpg,Nike,3,13,54,27,64
4043571759.jpg,Nike,3,325,90,348,115
4573390606.jpg,Nike,3,8,6,476,214
229746392.jpg,Nike,3,19,166,146,226
229746392.jpg,Nike,3,22,17,299,132
229746392.jpg,Nike,3,177,163,302,228
3168295809.jpg,Nike,3,97,72,321,201
3948869874.jpg,Nike,3,185,200,300,254
4416492947.jpg,Nike,3,21,38,145,106
4416492947.jpg,Nike,3,163,41,292,106
4416492947.jpg,Nike,3,316,41,441,106
513620863.jpg,Nike,3,60,204,199,295
513620863.jpg,Nike,3,77,192,120,216
2531530868.jpg,Nike,3,37,139,360,285
2855164257.jpg,Nike,3,5,142,386,303
2891341625.jpg,Nike,3,39,71,355,210
4316555119.jpg,Nike,3,125,98,437,206
605288903.jpg,Nike,3,395,103,457,138
1597577216.jpg,Nike,4,16,23,101,72
1597577216.jpg,Nike,4,138,22,221,71
1597577216.jpg,Nike,4,275,29,318,59
1597577216.jpg,Nike,4,372,29,463,70
351548830.jpg,Nike,4,7,19,466,317
3624592154.jpg,Nike,4,65,90,177,147
3892997631.jpg,Nike,4,10,434,92,481
3963201475.jpg,Nike,4,50,67,456,279
2427198460.jpg,Nike,4,21,134,102,228
2427198460.jpg,Nike,4,223,110,293,178
2427198460.jpg,Nike,4,351,44,482,184
2609822722.jpg,Nike,4,330,207,402,262
3361771335.jpg,Nike,4,13,54,27,64
4043571759.jpg,Nike,4,325,90,348,115
4573390606.jpg,Nike,4,8,6,476,214
229746392.jpg,Nike,4,19,166,146,226
229746392.jpg,Nike,4,22,17,299,132
229746392.jpg,Nike,4,177,163,302,228
3168295809.jpg,Nike,4,97,72,321,201
3948869874.jpg,Nike,4,185,200,300,254
4416492947.jpg,Nike,4,21,38,145,106
4416492947.jpg,Nike,4,163,41,292,106
4416492947.jpg,Nike,4,316,41,441,106
513620863.jpg,Nike,4,60,204,199,295
513620863.jpg,Nike,4,77,192,120,216
2531530868.jpg,Nike,4,37,139,360,285
2855164257.jpg,Nike,4,5,142,386,303
2891341625.jpg,Nike,4,39,71,355,210
4316555119.jpg,Nike,4,125,98,437,206
605288903.jpg,Nike,4,395,103,457,138
144488978.jpg,Nike,5,35,49,205,131
2584787090.jpg,Nike,5,1,3,495,179
2838426683.jpg,Nike,5,59,119,250,166
355018646.jpg,Nike,5,66,24,310,161
4731055503.jpg,Nike,5,62,24,114,51
1597577216.jpg,Nike,5,16,23,101,72
1597577216.jpg,Nike,5,138,22,221,71
1597577216.jpg,Nike,5,275,29,318,59
1597577216.jpg,Nike,5,372,29,463,70
351548830.jpg,Nike,5,7,19,466,317
3624592154.jpg,Nike,5,65,90,177,147
3892997631.jpg,Nike,5,10,434,92,481
3963201475.jpg,Nike,5,50,67,456,279
2427198460.jpg,Nike,5,21,134,102,228
2427198460.jpg,Nike,5,223,110,293,178
2427198460.jpg,Nike,5,351,44,482,184
2609822722.jpg,Nike,5,330,207,402,262
3361771335.jpg,Nike,5,13,54,27,64
4043571759.jpg,Nike,5,325,90,348,115
4573390606.jpg,Nike,5,8,6,476,214
229746392.jpg,Nike,5,19,166,146,226
229746392.jpg,Nike,5,22,17,299,132
229746392.jpg,Nike,5,177,163,302,228
3168295809.jpg,Nike,5,97,72,321,201
3948869874.jpg,Nike,5,185,200,300,254
4416492947.jpg,Nike,5,21,38,145,106
4416492947.jpg,Nike,5,163,41,292,106
4416492947.jpg,Nike,5,316,41,441,106
513620863.jpg,Nike,5,60,204,199,295
513620863.jpg,Nike,5,77,192,120,216
2531530868.jpg,Nike,5,37,139,360,285
2855164257.jpg,Nike,5,5,142,386,303
2891341625.jpg,Nike,5,39,71,355,210
4316555119.jpg,Nike,5,125,98,437,206
605288903.jpg,Nike,5,395,103,457,138
2427200136.jpg,Nike,6,187,49,489,203
3054222264.jpg,Nike,6,214,126,376,187
3752341982.jpg,Nike,6,65,260,447,418
3836904950.jpg,Nike,6,8,128,389,311
4376175015.jpg,Nike,6,5,161,112,217
4376175015.jpg,Nike,6,7,56,111,102
4376175015.jpg,Nike,6,8,294,111,334
4376175015.jpg,Nike,6,112,40,237,97
4376175015.jpg,Nike,6,122,144,235,221
4376175015.jpg,Nike,6,258,205,318,229
4376175015.jpg,Nike,6,353,27,475,89
4376175015.jpg,Nike,6,381,215,472,262
144488978.jpg,Nike,6,35,49,205,131
2584787090.jpg,Nike,6,1,3,495,179
2838426683.jpg,Nike,6,59,119,250,166
355018646.jpg,Nike,6,66,24,310,161
4731055503.jpg,Nike,6,62,24,114,51
1597577216.jpg,Nike,6,16,23,101,72
1597577216.jpg,Nike,6,138,22,221,71
1597577216.jpg,Nike,6,275,29,318,59
1597577216.jpg,Nike,6,372,29,463,70
351548830.jpg,Nike,6,7,19,466,317
3624592154.jpg,Nike,6,65,90,177,147
2960027434.jpg,Pepsi,1,11,7,128,130
2960027434.jpg,Pepsi,1,129,5,263,130
3117510822.jpg,Pepsi,1,2,339,38,368
3117510822.jpg,Pepsi,1,6,16,71,92
3117510822.jpg,Pepsi,1,11,111,75,176
3117510822.jpg,Pepsi,1,16,195,88,256
3117510822.jpg,Pepsi,1,23,262,92,328
3117510822.jpg,Pepsi,1,78,345,121,370
3117510822.jpg,Pepsi,1,174,348,206,374
3117510822.jpg,Pepsi,1,257,353,285,370
3117510822.jpg,Pepsi,1,288,282,356,334
3117510822.jpg,Pepsi,1,340,349,373,372
3117510822.jpg,Pepsi,1,342,198,410,267
3117510822.jpg,Pepsi,1,346,17,425,90
3117510822.jpg,Pepsi,1,351,108,425,185
3117510822.jpg,Pepsi,1,423,344,454,373
3154099645.jpg,Pepsi,1,91,98,198,197
3154099645.jpg,Pepsi,1,249,100,355,227
372180408.jpg,Pepsi,1,102,23,389,362
3759339764.jpg,Pepsi,1,12,280,73,327
3759339764.jpg,Pepsi,1,14,472,80,493
3759339764.jpg,Pepsi,1,15,425,69,461
3759339764.jpg,Pepsi,1,16,234,81,276
3759339764.jpg,Pepsi,1,22,374,67,412
3759339764.jpg,Pepsi,1,23,335,74,366
3118428220.jpg,Pepsi,2,15,249,129,359
3118428220.jpg,Pepsi,2,157,42,297,172
3118428220.jpg,Pepsi,2,386,238,466,312
3202360116.jpg,Pepsi,2,63,104,119,164
3202360116.jpg,Pepsi,2,176,23,233,94
3213763363.jpg,Pepsi,2,95,78,276,233
3218467456.jpg,Pepsi,2,102,30,234,162
3237339381.jpg,Pepsi,2,49,56,153,139
3237339381.jpg,Pepsi,2,94,188,175,262
3237339381.jpg,Pepsi,2,100,295,168,362
3237339381.jpg,Pepsi,2,100,440,154,484
3237339381.jpg,Pepsi,2,234,449,284,485
3237339381.jpg,Pepsi,2,235,196,313,269
3237339381.jpg,Pepsi,2,239,309,300,372
3237339381.jpg,Pepsi,2,248,45,326,146
2960027434.jpg,Pepsi,2,11,7,128,130
2960027434.jpg,Pepsi,2,129,5,263,130
3117510822.jpg,Pepsi,2,2,339,38,368
3117510822.jpg,Pepsi,2,6,16,71,92
3117510822.jpg,Pepsi,2,11,111,75,176
3117510822.jpg,Pepsi,2,16,195,88,256
3117510822.jpg,Pepsi,2,23,262,92,328
3117510822.jpg,Pepsi,2,78,345,121,370
3117510822.jpg,Pepsi,2,174,348,206,374
3117510822.jpg,Pepsi,2,257,353,285,370
3117510822.jpg,Pepsi,2,288,282,356,334
3117510822.jpg,Pepsi,2,340,349,373,372
3117510822.jpg,Pepsi,2,342,198,410,267
3117510822.jpg,Pepsi,2,346,17,425,90
3117510822.jpg,Pepsi,2,351,108,425,185
3117510822.jpg,Pepsi,2,423,344,454,373
3154099645.jpg,Pepsi,2,91,98,198,197
3154099645.jpg,Pepsi,2,249,100,355,227
372180408.jpg,Pepsi,2,102,23,389,362
3759339764.jpg,Pepsi,2,12,280,73,327
3759339764.jpg,Pepsi,2,14,472,80,493
3759339764.jpg,Pepsi,2,15,425,69,461
3759339764.jpg,Pepsi,2,16,234,81,276
3759339764.jpg,Pepsi,2,22,374,67,412
3759339764.jpg,Pepsi,2,23,335,74,366
2988490694.jpg,Pepsi,3,122,51,175,107
2988490694.jpg,Pepsi,3,284,51,337,111
3189955469.jpg,Pepsi,3,79,162,134,220
3189955469.jpg,Pepsi,3,81,235,139,285
3189955469.jpg,Pepsi,3,91,297,145,347
3189955469.jpg,Pepsi,3,107,37,165,82
3189955469.jpg,Pepsi,3,112,2,158,26
3189955469.jpg,Pepsi,3,117,90,161,135
3189955469.jpg,Pepsi,3,356,82,419,135
3189955469.jpg,Pepsi,3,366,290,426,342
3189955469.jpg,Pepsi,3,368,219,430,281
3189955469.jpg,Pepsi,3,371,350,420,384
3189955469.jpg,Pepsi,3,372,147,435,214
3207823105.jpg,Pepsi,3,104,144,269,313
3578893662.jpg,Pepsi,3,224,332,250,359
3586306186.jpg,Pepsi,3,33,34,229,229
3118428220.jpg,Pepsi,3,15,249,129,359
3118428220.jpg,Pepsi,3,157,42,297,172
3118428220.jpg,Pepsi,3,386,238,466,312
3202360116.jpg,Pepsi,3,63,104,119,164
3202360116.jpg,Pepsi,3,176,23,233,94
3213763363.jpg,Pepsi,3,95,78,276,233
3218467456.jpg,Pepsi,3,102,30,234,162
3237339381.jpg,Pepsi,3,49,56,153,139
3237339381.jpg,Pepsi,3,94,188,175,262
3237339381.jpg,Pepsi,3,100,295,168,362
3237339381.jpg,Pepsi,3,100,440,154,484
3237339381.jpg,Pepsi,3,234,449,284,485
3237339381.jpg,Pepsi,3,235,196,313,269
3237339381.jpg,Pepsi,3,239,309,300,372
3237339381.jpg,Pepsi,3,248,45,326,146
2960027434.jpg,Pepsi,3,11,7,128,130
2960027434.jpg,Pepsi,3,129,5,263,130
3117510822.jpg,Pepsi,3,2,339,38,368
3117510822.jpg,Pepsi,3,6,16,71,92
3117510822.jpg,Pepsi,3,11,111,75,176
3117510822.jpg,Pepsi,3,16,195,88,256
3117510822.jpg,Pepsi,3,23,262,92,328
3117510822.jpg,Pepsi,3,78,345,121,370
3117510822.jpg,Pepsi,3,174,348,206,374
3117510822.jpg,Pepsi,3,257,353,285,370
3117510822.jpg,Pepsi,3,288,282,356,334
3117510822.jpg,Pepsi,3,340,349,373,372
3117510822.jpg,Pepsi,3,342,198,410,267
3117510822.jpg,Pepsi,3,346,17,425,90
3117510822.jpg,Pepsi,3,351,108,425,185
3117510822.jpg,Pepsi,3,423,344,454,373
3154099645.jpg,Pepsi,3,91,98,198,197
3154099645.jpg,Pepsi,3,249,100,355,227
372180408.jpg,Pepsi,3,102,23,389,362
3759339764.jpg,Pepsi,3,12,280,73,327
3759339764.jpg,Pepsi,3,14,472,80,493
3759339764.jpg,Pepsi,3,15,425,69,461
3759339764.jpg,Pepsi,3,16,234,81,276
3759339764.jpg,Pepsi,3,22,374,67,412
3759339764.jpg,Pepsi,3,23,335,74,366
2650497443.jpg,Pepsi,4,60,145,126,201
2650497443.jpg,Pepsi,4,382,137,435,197
2983583413.jpg,Pepsi,4,39,23,193,162
2983583413.jpg,Pepsi,4,274,30,419,162
3002642406.jpg,Pepsi,4,97,109,267,256
3088829946.jpg,Pepsi,4,9,66,138,128
3088829946.jpg,Pepsi,4,12,68,66,125
3088829946.jpg,Pepsi,4,25,198,144,252
3088829946.jpg,Pepsi,4,32,200,82,251
3088829946.jpg,Pepsi,4,44,313,155,357
3088829946.jpg,Pepsi,4,77,4,136,59
3088829946.jpg,Pepsi,4,90,133,214,192
3088829946.jpg,Pepsi,4,95,137,143,188
3088829946.jpg,Pepsi,4,100,258,215,303
3088829946.jpg,Pepsi,4,184,71,223,118
3088829946.jpg,Pepsi,4,189,315,229,350
3088829946.jpg,Pepsi,4,193,196,228,241
3088829946.jpg,Pepsi,4,228,64,248,126
3088829946.jpg,Pepsi,4,235,193,250,245
3880700257.jpg,Pepsi,4,9,362,60,394
3880700257.jpg,Pepsi,4,9,403,53,437
3880700257.jpg,Pepsi,4,11,476,62,497
3880700257.jpg,Pepsi,4,13,440,51,465
3880700257.jpg,Pepsi,4,15,259,54,289
2988490694.jpg,Pepsi,4,122,51,175,107
2988490694.jpg,Pepsi,4,284,51,337,111
3189955469.jpg,Pepsi,4,79,162,134,220
3189955469.jpg,Pepsi,4,81,235,139,285
3189955469.jpg,Pepsi,4,91,297,145,347
3189955469.jpg,Pepsi,4,107,37,165,82
3189955469.jpg,Pepsi,4,112,2,158,26
3189955469.jpg,Pepsi,4,117,90,161,135
3189955469.jpg,Pepsi,4,356,82,419,135
3189955469.jpg,Pepsi,4,366,290,426,342
3189955469.jpg,Pepsi,4,368,219,430,281
3189955469.jpg,Pepsi,4,371,350,420,384
3189955469.jpg,Pepsi,4,372,147,435,214
3207823105.jpg,Pepsi,4,104,144,269,313
3578893662.jpg,Pepsi,4,224,332,250,359
3586306186.jpg,Pepsi,4,33,34,229,229
3118428220.jpg,Pepsi,4,15,249,129,359
3118428220.jpg,Pepsi,4,157,42,297,172
3118428220.jpg,Pepsi,4,386,238,466,312
3202360116.jpg,Pepsi,4,63,104,119,164
3202360116.jpg,Pepsi,4,176,23,233,94
3213763363.jpg,Pepsi,4,95,78,276,233
3218467456.jpg,Pepsi,4,102,30,234,162
3237339381.jpg,Pepsi,4,49,56,153,139
3237339381.jpg,Pepsi,4,94,188,175,262
3237339381.jpg,Pepsi,4,100,295,168,362
3237339381.jpg,Pepsi,4,100,440,154,484
3237339381.jpg,Pepsi,4,234,449,284,485
3237339381.jpg,Pepsi,4,235,196,313,269
3237339381.jpg,Pepsi,4,239,309,300,372
3237339381.jpg,Pepsi,4,248,45,326,146
2960027434.jpg,Pepsi,4,11,7,128,130
2960027434.jpg,Pepsi,4,129,5,263,130
3117510822.jpg,Pepsi,4,2,339,38,368
3117510822.jpg,Pepsi,4,6,16,71,92
3117510822.jpg,Pepsi,4,11,111,75,176
3117510822.jpg,Pepsi,4,16,195,88,256
3117510822.jpg,Pepsi,4,23,262,92,328
3117510822.jpg,Pepsi,4,78,345,121,370
3117510822.jpg,Pepsi,4,174,348,206,374
3117510822.jpg,Pepsi,4,257,353,285,370
3117510822.jpg,Pepsi,4,288,282,356,334
3117510822.jpg,Pepsi,4,340,349,373,372
3117510822.jpg,Pepsi,4,342,198,410,267
3117510822.jpg,Pepsi,4,346,17,425,90
3117510822.jpg,Pepsi,4,351,108,425,185
3117510822.jpg,Pepsi,4,423,344,454,373
3154099645.jpg,Pepsi,4,91,98,198,197
3154099645.jpg,Pepsi,4,249,100,355,227
372180408.jpg,Pepsi,4,102,23,389,362
3759339764.jpg,Pepsi,4,12,280,73,327
3759339764.jpg,Pepsi,4,14,472,80,493
3759339764.jpg,Pepsi,4,15,425,69,461
3759339764.jpg,Pepsi,4,16,234,81,276
3759339764.jpg,Pepsi,4,22,374,67,412
3759339764.jpg,Pepsi,4,23,335,74,366
2519368987.jpg,Pepsi,5,134,125,186,194
2519368987.jpg,Pepsi,5,415,120,446,193
3103735966.jpg,Pepsi,5,99,33,265,162
3103735966.jpg,Pepsi,5,106,198,427,331
3177582448.jpg,Pepsi,5,13,5,103,86
3177582448.jpg,Pepsi,5,152,128,241,223
3528942547.jpg,Pepsi,5,57,57,109,102
3528942547.jpg,Pepsi,5,329,54,371,98
4756751062.jpg,Pepsi,5,179,117,319,255
2650497443.jpg,Pepsi,5,60,145,126,201
2650497443.jpg,Pepsi,5,382,137,435,197
2983583413.jpg,Pepsi,5,39,23,193,162
2983583413.jpg,Pepsi,5,274,30,419,162
3002642406.jpg,Pepsi,5,97,109,267,256
3088829946.jpg,Pepsi,5,9,66,138,128
3088829946.jpg,Pepsi,5,12,68,66,125
3088829946.jpg,Pepsi,5,25,198,144,252
3088829946.jpg,Pepsi,5,32,200,82,251
3088829946.jpg,Pepsi,5,44,313,155,357
3088829946.jpg,Pepsi,5,77,4,136,59
3088829946.jpg,Pepsi,5,90,133,214,192
3088829946.jpg,Pepsi,5,95,137,143,188
3088829946.jpg,Pepsi,5,100,258,215,303
3088829946.jpg,Pepsi,5,184,71,223,118
3088829946.jpg,Pepsi,5,189,315,229,350
3088829946.jpg,Pepsi,5,193,196,228,241
3088829946.jpg,Pepsi,5,228,64,248,126
3088829946.jpg,Pepsi,5,235,193,250,245
3880700257.jpg,Pepsi,5,9,362,60,394
3880700257.jpg,Pepsi,5,9,403,53,437
3880700257.jpg,Pepsi,5,11,476,62,497
3880700257.jpg,Pepsi,5,13,440,51,465
3880700257.jpg,Pepsi,5,15,259,54,289
2988490694.jpg,Pepsi,5,122,51,175,107
2988490694.jpg,Pepsi,5,284,51,337,111
3189955469.jpg,Pepsi,5,79,162,134,220
3189955469.jpg,Pepsi,5,81,235,139,285
3189955469.jpg,Pepsi,5,91,297,145,347
3189955469.jpg,Pepsi,5,107,37,165,82
3189955469.jpg,Pepsi,5,112,2,158,26
3189955469.jpg,Pepsi,5,117,90,161,135
3189955469.jpg,Pepsi,5,356,82,419,135
3189955469.jpg,Pepsi,5,366,290,426,342
3189955469.jpg,Pepsi,5,368,219,430,281
3189955469.jpg,Pepsi,5,371,350,420,384
3189955469.jpg,Pepsi,5,372,147,435,214
3207823105.jpg,Pepsi,5,104,144,269,313
3578893662.jpg,Pepsi,5,224,332,250,359
3586306186.jpg,Pepsi,5,33,34,229,229
3118428220.jpg,Pepsi,5,15,249,129,359
3118428220.jpg,Pepsi,5,157,42,297,172
3118428220.jpg,Pepsi,5,386,238,466,312
3202360116.jpg,Pepsi,5,63,104,119,164
3202360116.jpg,Pepsi,5,176,23,233,94
3213763363.jpg,Pepsi,5,95,78,276,233
3218467456.jpg,Pepsi,5,102,30,234,162
3237339381.jpg,Pepsi,5,49,56,153,139
3237339381.jpg,Pepsi,5,94,188,175,262
3237339381.jpg,Pepsi,5,100,295,168,362
3237339381.jpg,Pepsi,5,100,440,154,484
3237339381.jpg,Pepsi,5,234,449,284,485
3237339381.jpg,Pepsi,5,235,196,313,269
3237339381.jpg,Pepsi,5,239,309,300,372
3237339381.jpg,Pepsi,5,248,45,326,146
2960027434.jpg,Pepsi,5,11,7,128,130
2960027434.jpg,Pepsi,5,129,5,263,130
3117510822.jpg,Pepsi,5,2,339,38,368
3117510822.jpg,Pepsi,5,6,16,71,92
3117510822.jpg,Pepsi,5,11,111,75,176
3117510822.jpg,Pepsi,5,16,195,88,256
3117510822.jpg,Pepsi,5,23,262,92,328
3117510822.jpg,Pepsi,5,78,345,121,370
3117510822.jpg,Pepsi,5,174,348,206,374
3117510822.jpg,Pepsi,5,257,353,285,370
3117510822.jpg,Pepsi,5,288,282,356,334
3117510822.jpg,Pepsi,5,340,349,373,372
3117510822.jpg,Pepsi,5,342,198,410,267
3117510822.jpg,Pepsi,5,346,17,425,90
3117510822.jpg,Pepsi,5,351,108,425,185
3117510822.jpg,Pepsi,5,423,344,454,373
3154099645.jpg,Pepsi,5,91,98,198,197
3154099645.jpg,Pepsi,5,249,100,355,227
372180408.jpg,Pepsi,5,102,23,389,362
3759339764.jpg,Pepsi,5,12,280,73,327
3759339764.jpg,Pepsi,5,14,472,80,493
3759339764.jpg,Pepsi,5,15,425,69,461
3759339764.jpg,Pepsi,5,16,234,81,276
3759339764.jpg,Pepsi,5,22,374,67,412
3759339764.jpg,Pepsi,5,23,335,74,366
2844210941.jpg,Pepsi,6,59,73,101,174
2844210941.jpg,Pepsi,6,145,123,262,266
3161927635.jpg,Pepsi,6,123,139,151,169
3161927635.jpg,Pepsi,6,205,131,242,172
3161927635.jpg,Pepsi,6,343,131,373,168
3189246589.jpg,Pepsi,6,254,63,310,125
3189246589.jpg,Pepsi,6,257,162,314,219
3190245804.jpg,Pepsi,6,6,9,96,98
3190245804.jpg,Pepsi,6,198,5,301,99
4653393540.jpg,Pepsi,6,11,11,486,478
2519368987.jpg,Pepsi,6,134,125,186,194
2519368987.jpg,Pepsi,6,415,120,446,193
3103735966.jpg,Pepsi,6,99,33,265,162
3103735966.jpg,Pepsi,6,106,198,427,331
3177582448.jpg,Pepsi,6,13,5,103,86
3177582448.jpg,Pepsi,6,152,128,241,223
3528942547.jpg,Pepsi,6,57,57,109,102
3528942547.jpg,Pepsi,6,329,54,371,98
4756751062.jpg,Pepsi,6,179,117,319,255
2650497443.jpg,Pepsi,6,60,145,126,201
2650497443.jpg,Pepsi,6,382,137,435,197
2983583413.jpg,Pepsi,6,39,23,193,162
2983583413.jpg,Pepsi,6,274,30,419,162
3002642406.jpg,Pepsi,6,97,109,267,256
3088829946.jpg,Pepsi,6,9,66,138,128
3088829946.jpg,Pepsi,6,12,68,66,125
3088829946.jpg,Pepsi,6,25,198,144,252
3088829946.jpg,Pepsi,6,32,200,82,251
3088829946.jpg,Pepsi,6,44,313,155,357
3088829946.jpg,Pepsi,6,77,4,136,59
3088829946.jpg,Pepsi,6,90,133,214,192
3088829946.jpg,Pepsi,6,95,137,143,188
3088829946.jpg,Pepsi,6,100,258,215,303
3088829946.jpg,Pepsi,6,184,71,223,118
3088829946.jpg,Pepsi,6,189,315,229,350
3088829946.jpg,Pepsi,6,193,196,228,241
3088829946.jpg,Pepsi,6,228,64,248,126
3088829946.jpg,Pepsi,6,235,193,250,245
3880700257.jpg,Pepsi,6,9,362,60,394
3880700257.jpg,Pepsi,6,9,403,53,437
231655451.jpg,Puma,1,162,20,409,205
3164722903.jpg,Puma,1,364,59,462,138
3270797445.jpg,Puma,1,1,69,461,370
3521287781.jpg,Puma,1,95,134,178,217
4146264467.jpg,Puma,1,236,17,444,185
2383222548.jpg,Puma,2,28,10,443,347
282628483.jpg,Puma,2,410,246,493,294
3165553650.jpg,Puma,2,144,103,201,165
3674972656.jpg,Puma,2,227,4,492,210
4257763673.jpg,Puma,2,233,100,281,136
231655451.jpg,Puma,2,162,20,409,205
3164722903.jpg,Puma,2,364,59,462,138
3270797445.jpg,Puma,2,1,69,461,370
3521287781.jpg,Puma,2,95,134,178,217
4146264467.jpg,Puma,2,236,17,444,185
2406598998.jpg,Puma,3,59,183,372,458
282208842.jpg,Puma,3,64,113,121,157
3109158407.jpg,Puma,3,74,120,123,156
3164722529.jpg,Puma,3,212,64,275,102
96668817.jpg,Puma,3,36,2,86,28
2383222548.jpg,Puma,3,28,10,443,347
282628483.jpg,Puma,3,410,246,493,294
3165553650.jpg,Puma,3,144,103,201,165
3674972656.jpg,Puma,3,227,4,492,210
4257763673.jpg,Puma,3,233,100,281,136
231655451.jpg,Puma,3,162,20,409,205
3164722903.jpg,Puma,3,364,59,462,138
3270797445.jpg,Puma,3,1,69,461,370
3521287781.jpg,Puma,3,95,134,178,217
4146264467.jpg,Puma,3,236,17,444,185
2457001875.jpg,Puma,4,24,200,116,296
2457001875.jpg,Puma,4,29,40,129,130
2457001875.jpg,Puma,4,108,192,196,264
2457001875.jpg,Puma,4,169,80,196,118
2457001875.jpg,Puma,4,197,192,275,266
2457001875.jpg,Puma,4,200,82,222,117
2457001875.jpg,Puma,4,238,223,283,262
2457001875.jpg,Puma,4,252,65,359,144
2457001875.jpg,Puma,4,266,213,358,303
2760763703.jpg,Puma,4,104,44,109,50
3165551816.jpg,Puma,4,381,131,492,217
3678571616.jpg,Puma,4,62,32,93,57
99816106.jpg,Puma,4,164,35,390,246
2406598998.jpg,Puma,4,59,183,372,458
282208842.jpg,Puma,4,64,113,121,157
3109158407.jpg,Puma,4,74,120,123,156
3164722529.jpg,Puma,4,212,64,275,102
96668817.jpg,Puma,4,36,2,86,28
2383222548.jpg,Puma,4,28,10,443,347
282628483.jpg,Puma,4,410,246,493,294
3165553650.jpg,Puma,4,144,103,201,165
3674972656.jpg,Puma,4,227,4,492,210
4257763673.jpg,Puma,4,233,100,281,136
231655451.jpg,Puma,4,162,20,409,205
3164722903.jpg,Puma,4,364,59,462,138
3270797445.jpg,Puma,4,1,69,461,370
3521287781.jpg,Puma,4,95,134,178,217
4146264467.jpg,Puma,4,236,17,444,185
2578628547.jpg,Puma,5,239,3,489,215
2858462390.jpg,Puma,5,32,88,294,344
3237225190.jpg,Puma,5,85,15,474,340
3260956088.jpg,Puma,5,61,429,134,481
3895511729.jpg,Puma,5,203,36,496,305
2457001875.jpg,Puma,5,24,200,116,296
2457001875.jpg,Puma,5,29,40,129,130
2457001875.jpg,Puma,5,108,192,196,264
2457001875.jpg,Puma,5,169,80,196,118
2457001875.jpg,Puma,5,197,192,275,266
2457001875.jpg,Puma,5,200,82,222,117
2457001875.jpg,Puma,5,238,223,283,262
2457001875.jpg,Puma,5,252,65,359,144
2457001875.jpg,Puma,5,266,213,358,303
2760763703.jpg,Puma,5,104,44,109,50
3165551816.jpg,Puma,5,381,131,492,217
3678571616.jpg,Puma,5,62,32,93,57
99816106.jpg,Puma,5,164,35,390,246
2406598998.jpg,Puma,5,59,183,372,458
282208842.jpg,Puma,5,64,113,121,157
3109158407.jpg,Puma,5,74,120,123,156
3164722529.jpg,Puma,5,212,64,275,102
96668817.jpg,Puma,5,36,2,86,28
2383222548.jpg,Puma,5,28,10,443,347
282628483.jpg,Puma,5,410,246,493,294
3165553650.jpg,Puma,5,144,103,201,165
3674972656.jpg,Puma,5,227,4,492,210
4257763673.jpg,Puma,5,233,100,281,136
231655451.jpg,Puma,5,162,20,409,205
3164722903.jpg,Puma,5,364,59,462,138
3270797445.jpg,Puma,5,1,69,461,370
3521287781.jpg,Puma,5,95,134,178,217
4146264467.jpg,Puma,5,236,17,444,185
3165552688.jpg,Puma,6,159,164,239,211
3888553492.jpg,Puma,6,249,43,473,231
397194032.jpg,Puma,6,217,8,320,74
4524715145.jpg,Puma,6,93,397,136,431
4524715145.jpg,Puma,6,106,282,131,300
4524715145.jpg,Puma,6,210,286,234,303
498161252.jpg,Puma,6,9,11,496,325
2578628547.jpg,Puma,6,239,3,489,215
2858462390.jpg,Puma,6,32,88,294,344
3237225190.jpg,Puma,6,85,15,474,340
3260956088.jpg,Puma,6,61,429,134,481
3895511729.jpg,Puma,6,203,36,496,305
2457001875.jpg,Puma,6,24,200,116,296
2457001875.jpg,Puma,6,29,40,129,130
2457001875.jpg,Puma,6,108,192,196,264
2457001875.jpg,Puma,6,169,80,196,118
2457001875.jpg,Puma,6,197,192,275,266
2457001875.jpg,Puma,6,200,82,222,117
2457001875.jpg,Puma,6,238,223,283,262
2457001875.jpg,Puma,6,252,65,359,144
2149071419.jpg,Sprite,1,111,82,327,251
3487994615.jpg,Sprite,1,88,160,282,406
3539566827.jpg,Sprite,1,51,18,76,43
3539566827.jpg,Sprite,1,60,46,144,93
3539566827.jpg,Sprite,1,60,141,146,187
3539566827.jpg,Sprite,1,63,97,145,136
3539566827.jpg,Sprite,1,83,187,170,239
3539566827.jpg,Sprite,1,101,246,192,301
3539566827.jpg,Sprite,1,128,315,217,368
3539566827.jpg,Sprite,1,262,148,300,179
3539566827.jpg,Sprite,1,263,197,299,234
3539566827.jpg,Sprite,1,264,300,306,335
3539566827.jpg,Sprite,1,268,255,300,283
3539566827.jpg,Sprite,1,308,244,345,275
3539566827.jpg,Sprite,1,311,195,339,226
3539566827.jpg,Sprite,1,315,149,343,177
3539566827.jpg,Sprite,1,353,147,383,175
3539566827.jpg,Sprite,1,353,194,381,222
3539566827.jpg,Sprite,1,356,241,383,270
3539566827.jpg,Sprite,1,360,48,388,76
3539566827.jpg,Sprite,1,360,97,390,129
3539566827.jpg,Sprite,1,389,232,418,259
3539566827.jpg,Sprite,1,390,187,420,217
3539566827.jpg,Sprite,1,394,99,421,124
3539566827.jpg,Sprite,1,401,55,423,79
3539566827.jpg,Sprite,1,409,144,419,174
4330810490.jpg,Sprite,1,134,209,201,265
4330810490.jpg,Sprite,1,250,230,329,292
4750267378.jpg,Sprite,1,36,56,341,250
2219451836.jpg,Sprite,2,7,5,472,477
2356560497.jpg,Sprite,2,87,1,394,329
2866536247.jpg,Sprite,2,26,55,454,413
3872220190.jpg,Sprite,2,115,227,155,256
3872220190.jpg,Sprite,2,161,86,191,118
4049367740.jpg,Sprite,2,276,152,334,193
2149071419.jpg,Sprite,2,111,82,327,251
3487994615.jpg,Sprite,2,88,160,282,406
3539566827.jpg,Sprite,2,51,18,76,43
3539566827.jpg,Sprite,2,60,46,144,93
3539566827.jpg,Sprite,2,60,141,146,187
3539566827.jpg,Sprite,2,63,97,145,136
3539566827.jpg,Sprite,2,83,187,170,239
3539566827.jpg,Sprite,2,101,246,192,301
3539566827.jpg,Sprite,2,128,315,217,368
3539566827.jpg,Sprite,2,262,148,300,179
3539566827.jpg,Sprite,2,263,197,299,234
3539566827.jpg,Sprite,2,264,300,306,335
3539566827.jpg,Sprite,2,268,255,300,283
3539566827.jpg,Sprite,2,308,244,345,275
3539566827.jpg,Sprite,2,311,195,339,226
3539566827.jpg,Sprite,2,315,149,343,177
3539566827.jpg,Sprite,2,353,147,383,175
3539566827.jpg,Sprite,2,353,194,381,222
3539566827.jpg,Sprite,2,356,241,383,270
3539566827.jpg,Sprite,2,360,48,388,76
3539566827.jpg,Sprite,2,360,97,390,129
3539566827.jpg,Sprite,2,389,232,418,259
3539566827.jpg,Sprite,2,390,187,420,217
3539566827.jpg,Sprite,2,394,99,421,124
3539566827.jpg,Sprite,2,401,55,423,79
3539566827.jpg,Sprite,2,409,144,419,174
4330810490.jpg,Sprite,2,134,209,201,265
4330810490.jpg,Sprite,2,250,230,329,292
4750267378.jpg,Sprite,2,36,56,341,250
19731441.jpg,Sprite,3,215,132,275,282
2618900486.jpg,Sprite,3,47,239,122,311
2618900486.jpg,Sprite,3,118,251,261,400
2618900486.jpg,Sprite,3,292,231,371,333
3531294484.jpg,Sprite,3,20,53,227,229
3850753534.jpg,Sprite,3,122,199,211,261
704793401.jpg,Sprite,3,12,50,355,455
2219451836.jpg,Sprite,3,7,5,472,477
2356560497.jpg,Sprite,3,87,1,394,329
2866536247.jpg,Sprite,3,26,55,454,413
3872220190.jpg,Sprite,3,115,227,155,256
3872220190.jpg,Sprite,3,161,86,191,118
4049367740.jpg,Sprite,3,276,152,334,193
2149071419.jpg,Sprite,3,111,82,327,251
3487994615.jpg,Sprite,3,88,160,282,406
3539566827.jpg,Sprite,3,51,18,76,43
3539566827.jpg,Sprite,3,60,46,144,93
3539566827.jpg,Sprite,3,60,141,146,187
3539566827.jpg,Sprite,3,63,97,145,136
3539566827.jpg,Sprite,3,83,187,170,239
3539566827.jpg,Sprite,3,101,246,192,301
3539566827.jpg,Sprite,3,128,315,217,368
3539566827.jpg,Sprite,3,262,148,300,179
3539566827.jpg,Sprite,3,263,197,299,234
3539566827.jpg,Sprite,3,264,300,306,335
3539566827.jpg,Sprite,3,268,255,300,283
3539566827.jpg,Sprite,3,308,244,345,275
3539566827.jpg,Sprite,3,311,195,339,226
3539566827.jpg,Sprite,3,315,149,343,177
3539566827.jpg,Sprite,3,353,147,383,175
3539566827.jpg,Sprite,3,353,194,381,222
3539566827.jpg,Sprite,3,356,241,383,270
3539566827.jpg,Sprite,3,360,48,388,76
3539566827.jpg,Sprite,3,360,97,390,129
3539566827.jpg,Sprite,3,389,232,418,259
3539566827.jpg,Sprite,3,390,187,420,217
3539566827.jpg,Sprite,3,394,99,421,124
3539566827.jpg,Sprite,3,401,55,423,79
3539566827.jpg,Sprite,3,409,144,419,174
4330810490.jpg,Sprite,3,134,209,201,265
4330810490.jpg,Sprite,3,250,230,329,292
4750267378.jpg,Sprite,3,36,56,341,250
193274877.jpg,Sprite,4,46,92,168,298
2244358347.jpg,Sprite,4,23,80,453,392
3953312516.jpg,Sprite,4,18,67,193,183
3953312516.jpg,Sprite,4,308,87,453,190
4027042513.jpg,Sprite,4,149,199,250,247
4486111617.jpg,Sprite,4,133,64,333,126
4486111617.jpg,Sprite,4,133,156,322,242
4486111617.jpg,Sprite,4,164,274,312,320
4486111617.jpg,Sprite,4,205,5,254,34
4486111617.jpg,Sprite,4,405,37,437,83
4486111617.jpg,Sprite,4,450,287,496,337
19731441.jpg,Sprite,4,215,132,275,282
2618900486.jpg,Sprite,4,47,239,122,311
2618900486.jpg,Sprite,4,118,251,261,400
2618900486.jpg,Sprite,4,292,231,371,333
3531294484.jpg,Sprite,4,20,53,227,229
3850753534.jpg,Sprite,4,122,199,211,261
704793401.jpg,Sprite,4,12,50,355,455
2219451836.jpg,Sprite,4,7,5,472,477
2356560497.jpg,Sprite,4,87,1,394,329
2866536247.jpg,Sprite,4,26,55,454,413
3872220190.jpg,Sprite,4,115,227,155,256
3872220190.jpg,Sprite,4,161,86,191,118
4049367740.jpg,Sprite,4,276,152,334,193
2149071419.jpg,Sprite,4,111,82,327,251
3487994615.jpg,Sprite,4,88,160,282,406
3539566827.jpg,Sprite,4,51,18,76,43
3539566827.jpg,Sprite,4,60,46,144,93
3539566827.jpg,Sprite,4,60,141,146,187
3539566827.jpg,Sprite,4,63,97,145,136
3539566827.jpg,Sprite,4,83,187,170,239
3539566827.jpg,Sprite,4,101,246,192,301
3539566827.jpg,Sprite,4,128,315,217,368
3539566827.jpg,Sprite,4,262,148,300,179
3539566827.jpg,Sprite,4,263,197,299,234
3539566827.jpg,Sprite,4,264,300,306,335
3539566827.jpg,Sprite,4,268,255,300,283
3539566827.jpg,Sprite,4,308,244,345,275
3539566827.jpg,Sprite,4,311,195,339,226
3539566827.jpg,Sprite,4,315,149,343,177
3539566827.jpg,Sprite,4,353,147,383,175
3539566827.jpg,Sprite,4,353,194,381,222
3539566827.jpg,Sprite,4,356,241,383,270
3539566827.jpg,Sprite,4,360,48,388,76
3539566827.jpg,Sprite,4,360,97,390,129
3539566827.jpg,Sprite,4,389,232,418,259
3539566827.jpg,Sprite,4,390,187,420,217
3539566827.jpg,Sprite,4,394,99,421,124
3539566827.jpg,Sprite,4,401,55,423,79
3539566827.jpg,Sprite,4,409,144,419,174
4330810490.jpg,Sprite,4,134,209,201,265
4330810490.jpg,Sprite,4,250,230,329,292
4750267378.jpg,Sprite,4,36,56,341,250
3342270648.jpg,Sprite,5,32,58,167,150
42948260.jpg,Sprite,5,10,6,184,181
2801899525.jpg,Sprite,5,66,156,245,303
3544071352.jpg,Sprite,5,92,205,188,280
4213622833.jpg,Sprite,5,255,341,279,371
193274877.jpg,Sprite,5,46,92,168,298
2244358347.jpg,Sprite,5,23,80,453,392
3953312516.jpg,Sprite,5,18,67,193,183
3953312516.jpg,Sprite,5,308,87,453,190
4027042513.jpg,Sprite,5,149,199,250,247
4486111617.jpg,Sprite,5,133,64,333,126
4486111617.jpg,Sprite,5,133,156,322,242
4486111617.jpg,Sprite,5,164,274,312,320
4486111617.jpg,Sprite,5,205,5,254,34
4486111617.jpg,Sprite,5,405,37,437,83
4486111617.jpg,Sprite,5,450,287,496,337
19731441.jpg,Sprite,5,215,132,275,282
2618900486.jpg,Sprite,5,47,239,122,311
2618900486.jpg,Sprite,5,118,251,261,400
2618900486.jpg,Sprite,5,292,231,371,333
3531294484.jpg,Sprite,5,20,53,227,229
3850753534.jpg,Sprite,5,122,199,211,261
704793401.jpg,Sprite,5,12,50,355,455
2219451836.jpg,Sprite,5,7,5,472,477
2356560497.jpg,Sprite,5,87,1,394,329
2866536247.jpg,Sprite,5,26,55,454,413
3872220190.jpg,Sprite,5,115,227,155,256
3872220190.jpg,Sprite,5,161,86,191,118
4049367740.jpg,Sprite,5,276,152,334,193
2149071419.jpg,Sprite,5,111,82,327,251
3487994615.jpg,Sprite,5,88,160,282,406
3539566827.jpg,Sprite,5,51,18,76,43
3539566827.jpg,Sprite,5,60,46,144,93
3539566827.jpg,Sprite,5,60,141,146,187
3539566827.jpg,Sprite,5,63,97,145,136
3539566827.jpg,Sprite,5,83,187,170,239
3539566827.jpg,Sprite,5,101,246,192,301
3539566827.jpg,Sprite,5,128,315,217,368
3539566827.jpg,Sprite,5,262,148,300,179
3539566827.jpg,Sprite,5,263,197,299,234
3539566827.jpg,Sprite,5,264,300,306,335
3539566827.jpg,Sprite,5,268,255,300,283
3539566827.jpg,Sprite,5,308,244,345,275
3539566827.jpg,Sprite,5,311,195,339,226
3539566827.jpg,Sprite,5,315,149,343,177
3539566827.jpg,Sprite,5,353,147,383,175
3539566827.jpg,Sprite,5,353,194,381,222
3539566827.jpg,Sprite,5,356,241,383,270
3539566827.jpg,Sprite,5,360,48,388,76
3539566827.jpg,Sprite,5,360,97,390,129
3539566827.jpg,Sprite,5,389,232,418,259
3539566827.jpg,Sprite,5,390,187,420,217
3539566827.jpg,Sprite,5,394,99,421,124
3539566827.jpg,Sprite,5,401,55,423,79
3539566827.jpg,Sprite,5,409,144,419,174
4330810490.jpg,Sprite,5,134,209,201,265
4330810490.jpg,Sprite,5,250,230,329,292
4750267378.jpg,Sprite,5,36,56,341,250
2725852441.jpg,Sprite,6,182,350,238,394
2900584649.jpg,Sprite,6,325,159,410,221
3491655774.jpg,Sprite,6,0,0,500,495
4369857005.jpg,Sprite,6,1,211,115,402
4387407495.jpg,Sprite,6,23,105,319,268
4387407495.jpg,Sprite,6,339,78,429,197
3342270648.jpg,Sprite,6,32,58,167,150
42948260.jpg,Sprite,6,10,6,184,181
2801899525.jpg,Sprite,6,66,156,245,303
3544071352.jpg,Sprite,6,92,205,188,280
4213622833.jpg,Sprite,6,255,341,279,371
193274877.jpg,Sprite,6,46,92,168,298
2244358347.jpg,Sprite,6,23,80,453,392
3953312516.jpg,Sprite,6,18,67,193,183
3953312516.jpg,Sprite,6,308,87,453,190
4027042513.jpg,Sprite,6,149,199,250,247
4486111617.jpg,Sprite,6,133,64,333,126
4486111617.jpg,Sprite,6,133,156,322,242
4486111617.jpg,Sprite,6,164,274,312,320
4486111617.jpg,Sprite,6,205,5,254,34
4486111617.jpg,Sprite,6,405,37,437,83
